,A,B,C,D
2000-01-01,-0.763169734131,0.961158587093,0.587720875564,1.6511891627
2000-01-02,-1.41450062052,1.08087376148,-0.633335234584,2.80544233278
2000-01-03,-0.20123551567,-1.66544679583,-1.9468522424,4.10923846829
2000-01-04,0.419639381981,-2.33274582325,-2.22220100201,0.426952112396
2000-01-05,-0.524894046506,-2.85032305708,-2.3236398902,0.839379425769
2000-01-06,-1.25349347223,-2.96409924192,-2.48087901771,-1.09649553741
2000-01-07,-0.847493905106,-3.21982399136,-3.34664356886,-0.0995610290303
2000-01-08,-1.05270188175,-2.83317735834,-2.62418459275,-0.746183713834
2000-01-09,-1.21529095841,-2.94708220061,-4.22269423512,1.25104204392
2000-01-10,0.0575173549567,-1.42933648189,-3.47136916273,1.57645154777
2000-01-11,-0.899744627506,-0.489489799433,-3.85546401962,1.15919696701
2000-01-12,-0.863557318124,-0.915887388744,-3.58407196602,1.23492312238
2000-01-13,-1.11065357601,0.115337139478,-2.8555645522,1.34427441648
2000-01-14,-1.17611057494,-1.38727502641,-1.98795318406,1.26195986751
2000-01-15,-0.528832735981,-2.74454228551,-2.10744440349,0.741131301381
2000-01-16,0.819937510136,-2.89994989869,-2.26856026372,1.8155700093
2000-01-17,1.33108178827,-2.93729227342,-2.26728211685,2.30888112173
2000-01-18,0.287503429056,-2.87656926953,-0.670851249843,1.19755539069
2000-01-19,1.51117421638,-2.62575866583,1.32711161419,1.4118863442
2000-01-20,2.36835618413,-1.86540230994,0.826530497358,-0.0610838153591
2000-01-21,2.66583652842,-2.70376675814,1.50384111732,1.39099458887
2000-01-22,1.75761692094,-3.52925179087,2.3120828075,0.972132913087
2000-01-23,0.807401311256,-3.56494425409,4.28944854687,-0.554606768366
2000-01-24,2.80303351645,-3.21424158159,2.85693199558,-1.01350958856
2000-01-25,0.428521103468,-4.61202316848,3.2538707191,-1.54835692377
2000-01-26,-1.55115317488,-2.30090612675,3.84743165896,-0.23662108352
2000-01-27,-0.795598868871,-2.82127627074,3.68973438947,-0.294641530126
2000-01-28,1.06487714034,-3.69292443076,3.7780102637,-0.456525243307
2000-01-29,1.74994599613,-2.08381236529,4.75810496439,-0.288165888594
2000-01-30,0.924914051147,-2.9196518231,5.22176115569,0.661461574042
2000-01-31,1.5798668489,-1.45092796409,4.84226866828,1.04344182808
2000-02-01,-0.153576813518,0.688806740412,4.9629218657,-0.00416177234393
2000-02-02,-0.804890307462,2.23090177114,3.89634022808,0.00789139510694
2000-02-03,-2.23784345654,5.78498728534,2.83578899907,-1.83169786981
2000-02-04,-4.33824347624,4.8557546939,3.48370028799,-0.49429691093
2000-02-05,-2.86360947276,4.43379507278,4.91242312591,-2.02338559304
2000-02-06,-2.21371992609,4.84239633045,3.9889877415,-1.9809266486
2000-02-07,-2.04881748266,4.4194351933,3.5780807183,-2.62182762766
2000-02-08,-1.28677196152,3.26940889253,3.19518248505,-4.16603920234
2000-02-09,-2.19806291658,4.56990755519,3.78046574281,-5.14747322592
2000-02-10,-2.44568076775,5.20972583719,3.33510276287,-5.92408711307
2000-02-11,-3.76465422821,6.22758251665,4.32524969876,-5.97214614592
2000-02-12,-4.35830018866,5.57894301966,4.44156432568,-5.39919565602
2000-02-13,-3.30164201477,4.64024241566,4.40130281279,-3.54151578374
2000-02-14,-3.3356770236,4.84613908884,4.22938472018,-4.3142680792
2000-02-15,-4.29535094112,6.89860151343,1.62101136689,-1.66336661689
2000-02-16,-5.03290801817,5.61660090267,1.05710787041,-1.91421493616
2000-02-17,-4.25590437241,5.64593928177,0.929391378344,-1.48177797909
2000-02-18,-5.04507610634,5.80054494173,0.878205442421,-0.683758563372
2000-02-19,-5.48431188861,6.65186126519,1.08013992031,-0.570408683388
2000-02-20,-5.16149138084,8.91637267579,-0.0305286294246,-0.507077878985
2000-02-21,-5.71976748088,8.83277352861,-1.25607531855,-0.972820496442
2000-02-22,-4.57999171242,8.08119783174,-0.676895442891,-3.21552714406
2000-02-23,-6.75672068441,6.91674633089,0.884235478927,-2.65071594755
2000-02-24,-8.30737933372,7.79438051862,0.846486551464,-3.22839851408
2000-02-25,-6.50989216488,7.86348184012,-1.55278411988,-3.37168725219
2000-02-26,-6.59470496497,9.21691107997,-2.24175640853,-4.55355072799
2000-02-27,-5.16019008928,9.94098135867,-3.01140934128,-4.35627603718
2000-02-28,-5.6143508301,10.4319862194,-4.41750300916,-5.62123392033
2000-02-29,-4.53619960615,8.98870595934,-3.87862297874,-6.7055926848
2000-03-01,-4.66358912603,9.94877594171,-3.24245936819,-8.7811362245
2000-03-02,-3.51847045411,10.4230638498,-2.76537435819,-7.85616900243
2000-03-03,-3.31970150797,10.325386458,-4.30907963411,-6.18127698136
2000-03-04,-3.32452702891,11.7566777657,-2.4070156492,-7.28831223741
2000-03-05,-3.49501395746,12.446239392,-3.13806999296,-8.15467397474
2000-03-06,-4.30198030916,11.9849745053,-2.67062219153,-8.23775686411
2000-03-07,-5.20534425265,11.4083721908,-4.22068574756,-7.99051496923
2000-03-08,-4.96071087842,12.2679867494,-4.12681157015,-8.89359596117
2000-03-09,-5.41018672211,12.9900115999,-4.30486337456,-9.54783480648
2000-03-10,-4.13531984232,13.1854920228,-4.53083728567,-9.2932008094
2000-03-11,-3.62184463056,13.0949073628,-4.4558839147,-5.44120535792
2000-03-12,-3.25133284931,13.4656008646,-5.27331670082,-5.60049605135
2000-03-13,-2.89819164345,10.6955146467,-5.89025838131,-3.69746393879
2000-03-14,-1.15934125575,9.85624228419,-4.88782443092,-3.03338447269
2000-03-15,-0.322626921487,8.85561430631,-4.06235056946,-3.45800439369
2000-03-16,-0.646147804328,7.32423485273,-4.12281403987,-1.01494402611
2000-03-17,-1.1887596542,6.41647718077,-3.6125663015,0.470833195832
2000-03-18,0.0708375264,7.56624338602,-4.22730246097,1.35029476872
2000-03-19,1.37556592264,7.30707326959,-4.34826988559,1.87850968714
2000-03-20,2.06217830734,7.07585323316,-3.75440908839,2.3054700969
2000-03-21,1.11427985844,6.39152651393,-3.85153982719,0.895465816744
2000-03-22,1.09418926051,7.30017962373,-3.53581683675,0.992767721161
2000-03-23,2.63711435797,6.91556265929,-2.77859784511,3.03262697506
2000-03-24,3.42644109567,6.99356015031,-1.73173827068,1.75781341084
2000-03-25,3.56535002118,7.6210222023,-1.82451116804,4.00973653237
2000-03-26,3.26281907593,8.03019431449,-1.69606892526,4.93295241743
2000-03-27,4.19444199128,7.83452142208,-1.28569001323,6.23103599126
2000-03-28,4.85491797508,8.80107562174,0.181401774537,5.92198395839
2000-03-29,5.35171416448,8.84212452906,0.0931338772063,4.90093942486
2000-03-30,6.17016214759,8.08600402741,0.284875363214,2.43888872458
2000-03-31,8.2451801206,7.6030685305,0.842807602252,4.17512418428
2000-04-01,8.23445397379,6.8275660015,1.64523259396,2.00061909101
2000-04-02,9.4565845525,6.1587289623,1.96568771899,1.52661432506
2000-04-03,8.22129377277,5.95694942863,2.33599483369,2.70643638776
2000-04-04,8.84133387764,6.04457977546,2.83764919372,3.05597659681
2000-04-05,10.8006676222,6.95920304296,3.96881051949,1.59749254397
2000-04-06,10.5207635623,7.89605048483,5.22235239824,1.11043771389
2000-04-07,10.5193634601,9.47111691294,6.26510068613,0.291521203522
2000-04-08,9.0381980724,7.93618816282,6.94068281355,-0.453917693125
2000-04-09,9.24106528209,7.01294650615,8.43526942118,0.437671467501
2000-04-10,10.1674045796,6.75049341411,9.73088484742,0.0729746518573
2000-04-11,10.6225251595,7.66231777942,12.2262509977,-0.138517661718
2000-04-12,10.8630574408,7.01940822857,13.0318154461,1.59292510025
2000-04-13,10.9006066234,5.58502841306,13.4715640694,1.71311821374
2000-04-14,10.9243799839,4.72130638543,13.7406497923,1.91387999206
2000-04-15,10.4122699115,4.74805064367,13.0685442705,0.396629485294
2000-04-16,9.79394129886,3.87448479892,11.8419486077,0.457659447401
2000-04-17,9.22478896425,3.66590308306,11.8883494347,-1.67200558263
2000-04-18,9.68314701069,1.27632958029,12.2503154112,-0.923333086409
2000-04-19,9.88013301918,-0.840496006716,11.2673103606,-3.27473598522
2000-04-20,9.58862391426,-0.604216421251,11.8371206621,-3.56594335968
2000-04-21,9.43677139533,0.406452768408,10.9849341797,-3.29656442453
2000-04-22,9.87530826302,-0.0611634236254,12.0082168837,-3.50376581271
2000-04-23,9.39997559224,1.47685978837,12.4766344179,-4.84352312964
2000-04-24,7.3228802829,2.96026311298,14.6209273886,-4.94355343487
2000-04-25,7.2269475558,3.67163591666,15.8205139295,-4.33065822035
2000-04-26,7.65551586371,4.06201084015,18.2261807339,-5.23149489828
2000-04-27,8.82043523349,2.72850045671,18.8846769835,-4.13025908495
2000-04-28,8.26900428916,1.87561642354,18.8226838745,-3.44300541074
2000-04-29,8.97406441622,2.05628400366,20.7049162045,-3.56324297934
2000-04-30,8.58162275001,1.463872348,19.3247555397,-4.57937625889
2000-05-01,7.74342674602,1.2613187758,19.0111416425,-3.58883899205
2000-05-02,10.8846283373,1.00537152974,19.9275748993,-4.31539406938
2000-05-03,11.5635402276,0.893361550192,19.6837069916,-3.8857974384
2000-05-04,12.0852470706,-0.144920686867,21.9730877087,-2.30847026042
2000-05-05,10.9659657786,0.272882214264,21.0655635933,-4.10940799914
2000-05-06,10.3285007961,-0.406703251855,21.3455071257,-3.64690267799
2000-05-07,11.8878526028,-1.84895403233,21.7458870997,-2.84881744066
2000-05-08,12.6597519681,-0.923693250911,21.8882071587,-3.75874596395
2000-05-09,14.4079231856,-0.985281213965,20.9179806412,-4.14047232915
2000-05-10,15.7830566536,-0.839665224948,19.9077774795,-2.38324818228
2000-05-11,17.0397131454,0.570825516326,19.9644818184,-3.04247118504
2000-05-12,17.48900739,-0.13337190057,20.8350476377,-1.57711808628
2000-05-13,17.3394198645,-0.824559766932,21.6933918987,-1.28815806178
2000-05-14,17.0401621565,-0.802735697527,20.6525644394,-0.75111897625
2000-05-15,16.8512144517,-2.36862105567,19.9995765669,-1.41904077512
2000-05-16,16.7403669084,-2.95167586948,19.6755521296,-0.413582421487
2000-05-17,16.4367951892,-4.63410289507,19.5427650099,-0.048301303752
2000-05-18,16.0839489113,-5.42544468968,19.856856458,-1.69761706146
2000-05-19,15.0080498996,-5.19271296972,20.2980165794,-0.875946218812
2000-05-20,16.0971808741,-7.74624046701,19.6103033832,-1.5728124339
2000-05-21,16.0104751289,-7.24122260696,19.4532467706,-1.2477360865
2000-05-22,16.4139120385,-8.97756640744,19.8010940206,-0.249603390954
2000-05-23,16.849625643,-8.34797576837,17.9411470443,-2.22117701098
2000-05-24,17.1601593554,-8.92717005336,19.8231135387,-4.64431839342
2000-05-25,17.2446166045,-9.27713986396,20.2609767002,-3.95790695352
2000-05-26,16.6602084219,-9.12839467413,20.2160480134,-3.64915930767
2000-05-27,16.4704031201,-8.68965581972,21.132023602,-3.27976676477
2000-05-28,16.6854844808,-9.31967491458,22.7291529564,-4.73885271709
2000-05-29,17.8823849665,-10.6269679905,23.1950409526,-3.96200723936
2000-05-30,18.348369323,-10.0557816248,23.7011846184,-3.3707749762
2000-05-31,18.2010715297,-10.9498060075,24.5397410207,-3.55437341959
2000-06-01,17.5938188793,-9.85922894508,25.2575881879,-3.07286210462
2000-06-02,16.5233287127,-8.40867734695,24.9403200232,-4.3103530328
2000-06-03,16.6652918634,-7.91214722422,24.0271829063,-2.49670399725
2000-06-04,17.0379632559,-7.45836147813,24.3203645357,-1.91221156803
2000-06-05,15.5682954429,-5.81542783417,23.7356679073,-2.33224551629
2000-06-06,14.8074202378,-7.75770933986,21.2004726795,-1.72088273968
2000-06-07,13.6793937946,-7.74652930901,20.8050175054,-1.14522938723
2000-06-08,12.5851857999,-7.53235527384,20.8647344768,-1.88254804806
2000-06-09,12.2245848769,-7.46959113935,20.2783848388,-2.02485782046
2000-06-10,11.775189732,-6.77242025903,22.5415791356,-0.503068159814
2000-06-11,10.9202755373,-8.16238213561,23.7077612247,1.09383203074
2000-06-12,12.8829270489,-6.7588564757,22.9962616982,1.50110537485
2000-06-13,11.1475552767,-7.2215274707,22.6206624991,0.698474889863
2000-06-14,11.0497298601,-6.93335268276,23.1802220452,-0.0729744300954
2000-06-15,10.4539012412,-5.62481137663,22.7540382603,1.33409562742
2000-06-16,9.79977769424,-4.32534765907,23.2546748785,1.78442055402
2000-06-17,9.20366360702,-3.48512415616,22.9984207002,2.89170636221
2000-06-18,8.59630462677,-4.18811990426,21.9796200184,2.72996123779
2000-06-19,9.03445870015,-5.14279753653,21.9097158734,4.57610547564
2000-06-20,8.00681696834,-6.41555405904,21.4703808705,5.22117937889
2000-06-21,8.3543920638,-6.6057148912,21.6826784282,5.9797759533
2000-06-22,8.87942700967,-6.5710497129,21.7567971107,6.0221453949
2000-06-23,7.05612829476,-7.02844491139,23.1660822962,7.33461855011
2000-06-24,7.05079671722,-6.08417205357,23.12588782,8.42516910025
2000-06-25,7.79622353267,-4.43426564578,24.8376886111,10.3849692103
2000-06-26,6.98332757762,-5.29818902077,23.9015458632,8.41317756528
2000-06-27,6.82889284323,-4.74713513585,21.8853168888,9.34295497733
2000-06-28,7.6733748713,-5.85711955839,20.4919685776,9.59795676604
2000-06-29,9.51844122726,-6.14815586806,21.2305716148,9.24990178019
2000-06-30,9.98215881141,-5.90190907162,22.5084701489,8.35559918594
2000-07-01,11.0838742704,-7.13564262654,21.2604838245,9.60729415031
2000-07-02,10.7966227708,-6.20168486892,21.837211446,9.52067919371
2000-07-03,11.1699574827,-5.98320819956,21.7793026808,9.68620012945
2000-07-04,9.76071891108,-6.21275391578,21.3925925762,11.0419094992
2000-07-05,11.8977149427,-4.74399797752,21.793635947,11.6498723455
2000-07-06,11.150400724,-3.78672875178,21.3705006371,13.9218968954
2000-07-07,8.46177138052,-2.36339867317,22.082092826,13.5771593831
2000-07-08,8.55643446521,-3.03578878609,23.7501955627,14.2961177732
2000-07-09,6.90588683397,-1.60539936626,22.2043329994,14.6040011951
2000-07-10,7.11200636413,-1.68912020103,22.3191789619,14.3807534239
2000-07-11,5.69534496311,-1.57998893211,22.6116759766,12.8497345323
2000-07-12,5.62485398732,-3.18487984817,20.8326471252,13.7046650413
2000-07-13,5.25205099146,-4.29255238835,20.6687644198,13.2949687636
2000-07-14,6.7782529283,-4.90219760177,21.1597041657,13.5609585363
2000-07-15,8.14819319998,-6.306642614,21.2832789845,13.9448304535
2000-07-16,8.3478633878,-4.88425430713,21.7986079439,15.6557756202
2000-07-17,8.93771171388,-5.52661187165,23.6542109778,13.8496907502
2000-07-18,9.03316226388,-5.70839165504,25.1390414585,12.3719754146
2000-07-19,9.18816404745,-4.22325894156,24.0097059448,10.911287525
2000-07-20,8.93001521053,-3.48104320787,23.0359379632,10.2394057507
2000-07-21,8.63575412387,-6.59154636727,23.5879394988,11.5867364278
2000-07-22,7.33624517139,-5.14748708255,22.3660426439,12.3671624722
2000-07-23,8.90017881922,-6.14424898764,21.3932225912,12.6994024562
2000-07-24,8.87771197743,-9.71170866887,20.4791010533,12.310216131
2000-07-25,11.4991709235,-10.6658548385,20.1624679149,12.1653285535
2000-07-26,10.9035844017,-9.80088661262,19.5318397681,11.0784206998
2000-07-27,9.77952649902,-10.3000563357,17.6798356305,12.4343792093
2000-07-28,10.0120337898,-9.60041893555,17.4720605589,11.6750531067
2000-07-29,9.75314183433,-11.031084922,16.215363135,12.1427169588
2000-07-30,10.591923355,-11.3320607992,14.2919108374,13.4034146681
2000-07-31,12.8843662681,-13.0044847947,13.4644386554,12.4909411353
2000-08-01,14.406100751,-12.6957170319,14.501418164,12.7783553511
2000-08-02,12.5931449153,-12.882712075,14.4185732561,14.0050492328
2000-08-03,13.3008211707,-12.7931007143,13.1399162797,15.2555107738
2000-08-04,12.6691727681,-12.3853265733,14.3480510561,15.2441440591
2000-08-05,12.7292390909,-12.5836061053,13.2074612171,13.1202457071
2000-08-06,13.3813347485,-13.331126211,13.403634785,12.559554724
2000-08-07,12.6108614585,-14.2309957087,13.5312602617,13.2718114844
2000-08-08,12.7729464162,-14.5251502436,13.9322625159,12.6672810391
2000-08-09,11.5945792301,-14.1746224812,14.8839862464,12.1936258345
2000-08-10,13.0546912325,-14.197142503,13.8625180019,12.4595929236
2000-08-11,12.831878434,-14.3968339392,13.0083238924,12.5355189027
2000-08-12,13.6846477774,-14.8728681807,12.1670333699,13.0536010763
2000-08-13,12.3138851956,-13.8555022128,9.88683316774,12.73693661
2000-08-14,9.28142125796,-13.460394842,10.1959263564,13.9384786181
2000-08-15,8.81852863806,-14.0627129941,10.2480124279,15.8388465777
2000-08-16,8.29561580785,-15.3836941048,10.4228921088,13.7636490295
2000-08-17,9.87167118855,-15.1963931364,11.4029804012,14.7658868567
2000-08-18,7.91622636643,-13.9301393103,12.1307740543,15.2380052523
2000-08-19,7.58847914424,-13.7428816333,12.7791722699,15.89946662
2000-08-20,8.87762619458,-13.5777136598,11.4118704113,16.2560503188
2000-08-21,8.91975587476,-12.3756413165,12.9356526317,16.7238323669
2000-08-22,9.40499041451,-13.3731228811,13.4500446406,15.1795298356
2000-08-23,8.54263975406,-13.7253759089,14.3456291594,15.3879363973
2000-08-24,8.87502574694,-13.1320927191,14.3521572698,13.8477799117
2000-08-25,10.7076405859,-13.1001838429,13.1597556,14.2749428794
2000-08-26,9.73466417509,-13.7967729205,12.185719775,13.8402693654
2000-08-27,10.0800740498,-12.498214763,12.4314073361,12.2290204318
2000-08-28,10.3661871779,-11.4623147359,12.1116466284,12.9823268488
2000-08-29,8.35552607566,-11.3486301032,14.6126504435,12.5004709814
2000-08-30,8.63128484045,-11.3165457247,13.2468775524,13.2792466143
2000-08-31,9.78486860959,-10.6509422882,11.508910113,12.3451005996
2000-09-01,7.97895112104,-11.276809658,12.0852125476,13.4891959213
2000-09-02,6.54387859835,-11.6257187262,12.3918676808,13.1537461837
2000-09-03,6.42072586137,-11.2542509939,13.3373437739,12.214504728
2000-09-04,4.91483162098,-10.2665314629,14.6572050874,13.4991428742
2000-09-05,5.39380072004,-11.0209928354,16.0450129407,15.4312361944
2000-09-06,5.94677020391,-12.838608481,16.1619798375,14.9176340211
2000-09-07,4.85778962291,-12.4944768735,16.7310201227,15.8962204282
2000-09-08,4.64691929129,-13.3940314083,15.5338272173,16.3810070868
2000-09-09,5.58832648794,-13.4054195374,13.9062950187,15.6215339271
2000-09-10,6.20965273986,-13.5366682141,12.1153426535,14.8835097393
2000-09-11,8.25561190866,-13.714504249,11.7969582457,15.1803920954
2000-09-12,7.04497038267,-13.7048338999,12.2481572467,14.7507470284
2000-09-13,7.67234571998,-14.6734470599,12.0843859225,14.6178660931
2000-09-14,7.30624202949,-13.9644192665,11.6194274603,15.8664520912
2000-09-15,7.88355723583,-13.0451989681,13.3999766653,15.8977753582
2000-09-16,7.54972793352,-13.4088886728,13.9288671734,15.6204429274
2000-09-17,7.14708508431,-12.9399577,14.6879071308,15.0668658407
2000-09-18,6.00746599106,-12.5318253255,15.375674006,13.8350594509
2000-09-19,6.37174364085,-12.3923842735,15.5774210476,14.0612828115
2000-09-20,8.05089176554,-13.7947900395,15.6603445642,14.2425705315
2000-09-21,8.35231010749,-13.4443990108,15.0889305763,13.3891131257
2000-09-22,8.55850857484,-14.5322091294,15.0387991755,14.1276635152
2000-09-23,7.85126124321,-16.0543707699,13.6753672068,15.4905669841
2000-09-24,7.93191881371,-16.6229976663,12.3078129018,14.548267402
2000-09-25,7.26751161004,-16.8180018521,12.118352157,13.941548502
2000-09-26,7.59362909533,-17.835641527,12.7949290728,13.0462343192
2000-09-27,8.24685673074,-18.8395655461,13.8300026072,13.5192614488
2000-09-28,8.64638945851,-19.1494307034,13.8915590205,14.2477006202
2000-09-29,8.60882231635,-19.2792646755,12.2356160246,15.4204957076
2000-09-30,7.02299064219,-18.8598323442,12.1807843984,14.2205785665
2000-10-01,7.41620927273,-20.6722847634,11.6995566121,13.7716135449
2000-10-02,7.43268126413,-19.1426788793,11.821048889,12.9874533043
2000-10-03,5.59932148092,-18.231202376,12.7268147718,14.1491291152
2000-10-04,6.69467859691,-17.8209497213,12.7600708954,14.6018668297
2000-10-05,8.8326376119,-17.7542668423,14.5015741872,13.453434811
2000-10-06,9.81602109998,-19.0490348263,13.2173002725,14.0458848904
2000-10-07,7.92809580469,-18.8356908742,13.6321178988,14.0958477844
2000-10-08,7.10335604272,-17.1657831654,12.323517828,14.4245561384
2000-10-09,7.16635113479,-16.1052798257,12.0309179591,14.1347034991
2000-10-10,8.49156062875,-15.3944349593,12.5460486417,13.3931149252
2000-10-11,7.47087137572,-15.1335297655,10.8374834485,16.1314818703
2000-10-12,7.26893457677,-16.0039108225,9.32136554711,16.8499503878
2000-10-13,7.03476277736,-16.7447576616,8.86735398137,16.8415478793
2000-10-14,6.59332215894,-17.1599832096,10.1521340695,17.6106846012
2000-10-15,6.65178354775,-17.0910062836,9.62370599089,16.2329293991
2000-10-16,6.40821567812,-17.3480337454,10.5130074338,17.3681353231
2000-10-17,6.46222273549,-18.393933139,9.06435235201,15.4947660287
2000-10-18,5.39825620023,-18.521377147,7.56995769303,15.8133559579
2000-10-19,5.72405569804,-18.5802931675,7.07465750875,14.8443077154
2000-10-20,4.15985619882,-18.1257806659,4.52601861139,14.5159215728
2000-10-21,2.75556389057,-17.7862858597,3.00392042386,15.4473487933
2000-10-22,4.19711476951,-18.1886928576,4.25301416871,14.9761386011
2000-10-23,4.27494551887,-19.2020511571,4.13972573715,14.4838053907
2000-10-24,3.20689014648,-18.8937502097,2.71525627777,15.0996573854
2000-10-25,3.48442246977,-18.8901077606,3.55287411966,14.7149269884
2000-10-26,3.24058516382,-19.1443230499,3.96832118409,15.4375911998
2000-10-27,4.62650896507,-19.1643384875,3.72850268543,14.7049201766
2000-10-28,5.04918793211,-20.3090545183,5.1810841603,14.5333873608
2000-10-29,4.96351225328,-20.1419851792,4.19478681279,14.1954122009
2000-10-30,5.27315923627,-20.0560361334,3.76343450056,15.347165874
2000-10-31,5.01217418576,-19.8298907353,2.95553141816,16.3497769938
2000-11-01,4.2224403732,-18.7660100681,2.32233107458,16.3892638238
2000-11-02,3.93433113114,-19.8888372749,2.94662724114,16.2538238072
2000-11-03,2.89620392466,-22.3641104211,3.65738343724,14.5939716596
2000-11-04,2.27907811649,-22.1117054601,3.6623492274,15.2478538199
2000-11-05,1.19414086228,-23.2366631875,4.93309998051,15.5890109386
2000-11-06,1.45788617381,-24.0320399282,5.68842145733,14.9192341081
2000-11-07,2.38572406886,-24.5038621953,7.34813058707,14.9619093098
2000-11-08,3.38333623214,-26.0479646136,6.826194628,15.1520934892
2000-11-09,2.61453150976,-24.177389784,5.90825269874,12.9554418322
2000-11-10,2.05601324493,-23.3334451182,5.46892070452,13.9255708849
2000-11-11,3.31765423141,-23.6012721214,4.76940144467,13.8985350182
2000-11-12,2.41458725643,-23.895155786,3.70450007521,15.550208048
2000-11-13,3.09106058903,-23.6698360759,1.22434118762,15.7903653118
2000-11-14,3.8306224952,-23.1678222073,4.21226379328,15.194666023
2000-11-15,3.945189732,-22.0570474219,4.00539283173,13.6260057656
2000-11-16,3.09676043539,-22.0219312277,3.11450792297,11.0741192735
2000-11-17,1.88649573139,-21.5037649047,1.49963748705,10.5746191984
2000-11-18,-0.356268318804,-21.231449179,2.68797486915,11.7113868847
2000-11-19,-1.05239331475,-22.7066524563,2.74520836375,11.5037054305
2000-11-20,-0.660473131799,-22.440379462,3.37189259418,11.2893983791
2000-11-21,-0.902474735422,-23.3326448031,2.76170201531,11.1590702883
2000-11-22,-0.140658125951,-24.8132027869,1.65919997962,9.13442145274
2000-11-23,-0.971339315707,-24.6881475087,2.58350886009,10.5080890004
2000-11-24,-2.51389394439,-25.9331492177,3.4044422369,11.0114062969
2000-11-25,-1.91269974057,-25.8444749426,2.10548996304,11.1834412409
2000-11-26,-1.78799349479,-25.6945456815,1.85575259888,11.1289061383
2000-11-27,-2.61789670966,-25.7252002075,1.43787894672,10.4425654179
2000-11-28,-2.34493387608,-26.2069607215,1.24422182082,10.8235388103
2000-11-29,-2.19874835938,-26.3316727441,0.434175788149,9.31640179985
2000-11-30,-2.3343520039,-27.1551743311,0.927616718452,10.780696693
2000-12-01,-3.2146862276,-26.2397413484,-0.151879402766,12.9590860983
2000-12-02,-3.33311037904,-25.6239190107,0.456187827114,12.5924622266
2000-12-03,-2.9661171293,-27.3401380088,-1.54222498438,14.8497595095
2000-12-04,-3.24060722134,-27.2218951502,-1.49625977705,13.8962657705
2000-12-05,-2.60538079072,-28.0076776892,-2.30015750368,14.0584497758
2000-12-06,-3.01702035733,-27.9303703944,-3.91923443591,13.7311119096
2000-12-07,-2.63986229011,-28.2891722113,-2.31773016109,13.2767180917
2000-12-08,-0.168878618703,-29.0493408459,-2.89585249246,13.3524154042
2000-12-09,0.566293508459,-29.0990403268,-2.63190825119,12.7603381571
2000-12-10,0.860249781546,-29.683585013,-2.75459933514,11.0857779368
2000-12-11,2.07041321689,-29.6063712005,-4.12590156356,11.2330322263
2000-12-12,0.666736860219,-29.8030042733,-5.53290914903,12.655020289
2000-12-13,2.22348104077,-29.1872725581,-6.64998766667,13.2141148514
2000-12-14,1.50729589115,-29.0610756812,-7.23758722636,12.1591367044
2000-12-15,0.877294574108,-28.9322122474,-6.60256869923,11.6809686711
2000-12-16,0.537933107729,-28.9358580124,-7.09928058675,11.2884096844
2000-12-17,-0.0842509917817,-28.8207633493,-6.6092350546,12.246949248
2000-12-18,0.966887185403,-28.2563716781,-7.668434238,12.7539881485
2000-12-19,0.997036184986,-28.8037204686,-7.0423391315,14.5411897967
2000-12-20,1.23046078241,-29.3854436974,-5.72732664923,13.1381904528
2000-12-21,0.107418127853,-30.0480265963,-5.39570610644,11.612127577
2000-12-22,0.793704034168,-31.0683038791,-4.9890845916,12.8185115748
2000-12-23,0.612168645994,-32.5773973854,-4.98887774875,12.4462764057
2000-12-24,0.991053169524,-34.1761671487,-5.11312209145,12.7453022307
2000-12-25,0.828395917551,-33.2989987198,-4.60242923619,12.9891705469
2000-12-26,0.218206935661,-34.6679747274,-4.31766435953,13.5712846397
2000-12-27,1.40129920276,-34.5769335341,-5.7361748528,12.9751046788
2000-12-28,3.70175269968,-34.8289445511,-6.12207780356,14.196289308
2000-12-29,3.27082037048,-33.3766904242,-6.08930711146,13.7030283806
2000-12-30,3.05915556713,-34.8960433879,-8.38112448481,14.3063765416
2000-12-31,3.28973300637,-32.762901928,-9.16555318009,14.605256332
2001-01-01,3.10967181815,-32.7332605183,-10.0161624673,12.9695228222
2001-01-02,2.81065507749,-31.9106288993,-9.72312800953,13.8567130982
2001-01-03,1.70579059524,-31.700417951,-10.1133477076,14.2804257956
2001-01-04,1.22503402074,-31.9436985849,-9.95576794733,16.2675132202
2001-01-05,1.53413456592,-31.6334302984,-9.9778300167,16.8826776805
2001-01-06,2.07139346546,-30.7214983108,-10.4796716325,16.6794429756
2001-01-07,2.52648439409,-30.7304182609,-9.98024767229,15.3208458848
2001-01-08,1.88804742177,-31.5553849476,-9.50925602145,14.6147428151
2001-01-09,4.10949539152,-32.1839059917,-9.35616368266,14.2813363557
2001-01-10,4.22270949729,-31.86520333,-8.73560876074,14.1825454844
2001-01-11,5.27552576296,-30.7994890265,-9.00022622659,14.6023898559
2001-01-12,6.60218095829,-29.475134475,-9.0893497002,15.4254279106
2001-01-13,6.74537451935,-30.9300965832,-9.90394583627,16.4755787788
2001-01-14,6.33406813755,-31.226660824,-10.4902686819,15.5388447364
2001-01-15,5.91668406856,-31.7141148102,-10.1012406149,13.1030418862
2001-01-16,6.76253432235,-30.7629990604,-8.88574091284,13.1790498788
2001-01-17,8.88522064313,-32.5748327819,-8.65813727309,12.0060166284
2001-01-18,9.72432170113,-31.3326983528,-10.3166396673,12.9254216043
2001-01-19,10.361156765,-30.8108850836,-9.23957033518,13.7685815352
2001-01-20,9.54626289611,-29.7696619454,-9.33186444127,14.3590018185
2001-01-21,10.7505230404,-28.5903546473,-11.1423484061,15.0068590991
2001-01-22,9.35604352218,-31.0813859284,-11.7012892743,15.2862023323
2001-01-23,9.07245793133,-31.420146649,-9.61204373273,15.9588009928
2001-01-24,9.46217533112,-30.5729327329,-9.1024116796,16.8428702038
2001-01-25,9.97616639421,-30.869001805,-10.8489982799,15.9850790477
2001-01-26,10.3136325927,-31.2342484147,-11.1066947954,16.0004326732
2001-01-27,10.2183991643,-31.0801254203,-10.8908826083,13.1647336525
2001-01-28,10.0162496729,-31.8272234465,-9.8833725161,12.8576959652
2001-01-29,10.7835622912,-33.3732521321,-10.0403552112,12.2398368589
2001-01-30,11.8635814486,-33.4374310446,-9.61196255806,12.0365192476
2001-01-31,10.6196120848,-32.5858911105,-7.51926087635,13.2433615487
2001-02-01,9.32362306604,-32.2779241125,-7.90830822284,13.0352833883
2001-02-02,10.0358939088,-28.9998589751,-7.20087845427,14.7549976529
2001-02-03,8.49243150818,-29.8677072182,-7.65528852982,14.3935364458
2001-02-04,8.91831152107,-30.3079786026,-6.86671926651,12.8607856768
2001-02-05,8.01176583891,-30.1831462661,-6.27319925136,11.9102803754
2001-02-06,7.17504833425,-28.8352562455,-3.52178358646,11.629169757
2001-02-07,8.6431074643,-29.194385566,-4.41381041489,11.2781989731
2001-02-08,7.9770306904,-28.7632473014,-3.50308622088,10.464669656
2001-02-09,8.40977224786,-29.433966255,-3.37157096822,10.3472116452
2001-02-10,8.65567758465,-29.1289512038,-4.22826201596,11.0438458323
2001-02-11,9.83156907102,-31.3499927347,-3.42240343471,12.0669911145
2001-02-12,9.17990390333,-31.1654970177,-4.57138351749,12.0515560442
2001-02-13,9.7005375987,-32.5328444364,-2.49591191011,12.0430988701
2001-02-14,7.89760690478,-32.7278757812,-2.13452027249,11.9379631766
2001-02-15,6.6791422514,-32.0075858685,-1.73402657648,11.8616362074
2001-02-16,5.81121773114,-33.4738183692,-3.22482019992,12.8136666646
2001-02-17,4.93710321954,-33.9745978971,-3.73989566704,14.0674034503
2001-02-18,5.55560572116,-32.8234041377,-1.86484064587,14.7919066916
2001-02-19,6.22964726912,-34.5328559192,-2.19325600225,14.0079477214
2001-02-20,5.66514004816,-35.4009851766,-2.38604184553,12.5296535453
2001-02-21,6.45041268442,-35.2551656137,-1.60195982138,13.3745082783
2001-02-22,5.75712495832,-36.5677315605,-3.19778277979,14.1633778566
2001-02-23,3.77251192276,-36.2508256055,-2.93268069448,14.4074432974
2001-02-24,5.60773058354,-36.228873992,-2.82830214771,12.9438858546
2001-02-25,6.61441111003,-36.6413457265,-3.09708553325,13.0776232872
2001-02-26,5.42658008536,-35.8716646469,-3.46869827942,12.0501319096
2001-02-27,6.01639060608,-35.3236268458,-5.03817444359,11.9813636672
2001-02-28,4.98165534206,-36.6622924397,-3.85140768624,11.4370326156
2001-03-01,5.50270404614,-37.2594758515,-3.51093476461,10.8333985319
2001-03-02,5.90832333849,-38.008052724,-4.59632538639,9.64291502795
2001-03-03,5.75364533119,-38.1044151419,-4.39641023908,8.10774312614
2001-03-04,5.92266397018,-37.5431295115,-4.22170080272,7.82061417271
2001-03-05,5.55208665661,-36.7489376218,-5.10894327871,8.01737280959
2001-03-06,4.58343484429,-35.3591126627,-4.44246006674,8.56677651409
2001-03-07,5.93978827901,-36.2437191712,-3.18491834145,7.85458197832
2001-03-08,6.45904177689,-35.9790040635,-5.13977081731,8.2089248819
2001-03-09,8.65509172047,-34.8419449973,-6.11854350137,8.0995463485
2001-03-10,9.07133101035,-36.6820339158,-8.33692403497,7.45704451814
2001-03-11,8.05968946761,-36.6449883544,-9.52148564754,8.50830497489
2001-03-12,8.46285403897,-37.0160613952,-9.78682064872,10.8843718195
2001-03-13,6.50685890759,-37.7112866071,-9.77263133151,10.8962614112
2001-03-14,7.15654858522,-36.929712248,-10.7793013186,11.6314420404
2001-03-15,7.28512129635,-38.0799910046,-10.7196064346,12.1121613283
2001-03-16,8.43266969081,-35.8950552939,-10.377339005,13.0096530892
2001-03-17,8.94046894594,-36.0273837598,-11.8459860831,13.0739450215
2001-03-18,8.93158882499,-35.0324076167,-10.1447535969,14.1183389377
2001-03-19,8.38422138449,-34.2291014744,-10.0028040458,13.7357510242
2001-03-20,7.50345312314,-35.1379409767,-9.2312514664,14.0368271718
2001-03-21,8.25391395006,-36.8181892063,-10.1702881889,15.7485306441
2001-03-22,9.68147303187,-36.3180023165,-8.94241723462,17.0223213856
2001-03-23,8.52601645705,-36.6942541883,-9.18576442255,17.8389806241
2001-03-24,10.2013273107,-37.3701180159,-8.56126487766,17.1133958379
2001-03-25,9.94852463604,-38.5821821146,-8.71916940212,18.2091199003
2001-03-26,9.09520886028,-37.0583281434,-8.59779260774,20.091072706
2001-03-27,9.34554379621,-37.6059630524,-10.2147829854,20.4964264833
2001-03-28,8.16940026679,-39.6059299409,-8.32550391913,20.014758184
2001-03-29,10.0709434827,-39.21204475,-9.7843806355,19.3619510268
2001-03-30,9.9016311299,-39.4199929464,-9.96923507463,18.9982940396
2001-03-31,10.6778151429,-39.7649845045,-7.35310558386,19.2020460123
2001-04-01,10.8526204525,-41.3353772809,-8.21735692495,18.6495270673
2001-04-02,12.9096686267,-43.1381849497,-8.57922349631,20.2384221764
2001-04-03,14.0933489073,-42.2285535579,-9.55254534908,22.6601252994
2001-04-04,12.6920683138,-42.1397025262,-8.20709608255,23.3957082434
2001-04-05,12.4712814407,-41.7783207772,-8.13059897548,21.538992271
2001-04-06,12.8000763411,-42.7807922153,-8.60714554566,23.555487919
2001-04-07,13.4371949165,-42.264881148,-8.83737940348,22.8454175324
2001-04-08,13.3826803245,-42.4234882935,-9.69240348447,21.7331622949
2001-04-09,10.9672477495,-44.4108494361,-9.85544190909,21.882301645
2001-04-10,13.4628760354,-44.4981787801,-10.7999903148,22.6456127816
2001-04-11,14.605234314,-44.3817855131,-14.2273581794,22.1416406213
2001-04-12,15.4363711161,-43.1363863011,-14.9099180125,21.9481974557
2001-04-13,17.087024943,-42.0662291396,-14.2304090164,22.1149785438
2001-04-14,17.8689768988,-42.4573790143,-13.6874531819,20.9695981263
2001-04-15,18.3078803786,-41.5526082861,-15.1036691398,19.9768644531
2001-04-16,16.3845730476,-41.6092424296,-13.9443029385,19.9620539243
2001-04-17,16.0892187875,-41.5032026943,-15.2254607501,19.3578496497
2001-04-18,16.3823944089,-40.7336222426,-14.9288886811,18.363833983
2001-04-19,18.1219495456,-42.2451368791,-13.9032733023,19.2966422717
2001-04-20,17.7605831595,-42.8715018693,-11.6609232052,18.7003096954
2001-04-21,18.0289053005,-42.7731946097,-9.19048948378,20.4962076361
2001-04-22,16.8144400706,-41.9380101478,-9.27622494481,19.2040618362
2001-04-23,16.3494378964,-42.0796509777,-10.1695905454,17.4956174389
2001-04-24,15.3865317353,-42.5303339427,-9.44497719676,17.0660842043
2001-04-25,16.3020827126,-42.7939255331,-8.75402722343,17.2252562691
2001-04-26,16.515650507,-43.7678341551,-10.1333597382,16.8755298696
2001-04-27,17.6701433609,-43.0314202661,-9.20769642039,16.517464388
2001-04-28,18.3928055176,-40.9346021816,-8.7271684836,16.2408950571
2001-04-29,17.5868075947,-39.9510725172,-9.74050737454,18.7652793141
2001-04-30,16.2788839337,-39.7047085367,-8.16668665001,20.0803615121
2001-05-01,15.6654578085,-39.8414593858,-6.40201266085,19.4638407756
2001-05-02,14.2211562401,-40.3025531857,-7.92444006817,17.9856434016
2001-05-03,15.6751412596,-40.5654183088,-7.93817847355,17.8324798105
2001-05-04,16.5375194969,-41.1516051127,-7.69241720654,17.952477083
2001-05-05,16.7607337457,-42.1742809563,-4.90521399801,18.3210805881
2001-05-06,15.4315608286,-43.0381339036,-3.92247343871,17.5660504042
2001-05-07,14.6782025424,-44.3637031837,-3.70296808907,17.3631215376
2001-05-08,14.9326859831,-44.9668314336,-5.41237213278,17.0446193987
2001-05-09,15.4876510694,-45.2130504124,-5.13487915275,14.6498398252
2001-05-10,15.5962559639,-43.8607090699,-6.0004169799,13.1727150914
2001-05-11,15.2941005248,-43.4521395704,-5.93382242478,12.4061375856
2001-05-12,15.0950496683,-44.6892699909,-6.94862486578,12.2318360251
2001-05-13,15.0828714909,-46.2106815247,-5.44498839131,12.091905659
2001-05-14,15.0462848771,-48.3703196123,-5.82387862569,13.0971428777
2001-05-15,15.1559530799,-47.9238763655,-7.6523322804,12.294012677
2001-05-16,15.2110181072,-48.9579457416,-8.40367262847,11.9502984551
2001-05-17,15.5203487271,-49.8208896342,-8.2801489399,9.25240857292
2001-05-18,15.0158852393,-51.0528582532,-8.86941681604,8.6141140838
2001-05-19,16.4949350536,-50.9286828466,-9.08656276356,8.69908063453
2001-05-20,15.3985700306,-50.9422730688,-10.187159656,9.73681597524
2001-05-21,17.4130467391,-49.9042773943,-9.3194400988,9.70999473865
2001-05-22,17.471336918,-51.2706104866,-8.58616417811,10.2963091068
2001-05-23,17.8337887133,-51.5960005565,-9.21431060818,9.39623428654
2001-05-24,18.1730462694,-51.2608733147,-8.57174836248,8.18510167855
2001-05-25,18.379296184,-50.2892378404,-9.68693820805,6.45198727133
2001-05-26,19.1159876307,-52.2145018888,-8.87912595562,6.40884604874
2001-05-27,19.5346110039,-52.1704964669,-8.5812491633,4.63118512436
2001-05-28,21.1193219048,-50.6495415431,-10.1094675077,4.66444882638
2001-05-29,21.0113693393,-49.2249284219,-12.0283061075,4.6510001877
2001-05-30,21.9712322881,-49.2223198413,-11.5985778821,5.59967569137
2001-05-31,19.3063147382,-48.0122589852,-11.8731456836,7.17465188239
2001-06-01,18.0667747144,-46.4967649921,-11.0976301219,7.73042823276
2001-06-02,18.3645458574,-46.802296876,-12.3219095766,7.80672745035
2001-06-03,17.0899595713,-47.3408537135,-12.917397341,7.1362894544
2001-06-04,16.3289009856,-47.0247157742,-13.6461660659,8.20501779642
2001-06-05,15.5148006409,-47.9431250425,-12.9176338349,7.22981451857
2001-06-06,14.9905414939,-49.0110898512,-13.3829835431,7.05872593824
2001-06-07,16.5443895662,-50.9499359525,-13.2879341708,7.50951199457
2001-06-08,14.9105954191,-51.0503386456,-12.292643254,7.2458657566
2001-06-09,15.4221736459,-51.9868383021,-12.6619555579,8.37847898463
2001-06-10,15.0277420625,-52.3795859665,-12.9084885608,8.8356454711
2001-06-11,14.3670089049,-52.8852751563,-13.6152122681,9.70868583625
2001-06-12,14.3524378936,-55.0027879227,-11.7180170899,10.0995055768
2001-06-13,13.8352100142,-53.3487133545,-11.8566652273,9.14190314212
2001-06-14,13.4468911563,-52.4413991442,-10.7130802506,9.82256783876
2001-06-15,13.9871331566,-51.4714667081,-9.51600938286,10.7607448766
2001-06-16,14.7033254107,-50.044038095,-8.71027920705,11.2801943458
2001-06-17,13.5580007732,-50.1303663676,-8.72970450662,10.3230880096
2001-06-18,14.032791753,-50.0659725462,-8.88056025544,9.55983566621
2001-06-19,14.9486819889,-50.5450842635,-7.05475109895,11.3820964304
2001-06-20,14.975279116,-49.8108239797,-6.28748512296,11.365551851
2001-06-21,15.2811991297,-48.6364802975,-5.53130028612,11.1709935443
2001-06-22,14.112511206,-49.3102283326,-5.70258611061,12.0913585502
2001-06-23,12.9682563544,-51.3447027866,-4.82291572789,12.0844792167
2001-06-24,13.6580679425,-51.4472785142,-5.13609789855,12.8304010099
2001-06-25,12.5223887154,-49.9066994925,-3.33558679912,13.3442998446
2001-06-26,11.3661920345,-48.9156445991,-3.77504566772,12.9208200124
2001-06-27,11.7969499872,-48.4496923509,-4.94416066238,12.8757236853
2001-06-28,12.5958781834,-48.514837239,-4.06892242133,13.3244218721
2001-06-29,11.9564128183,-47.8501496236,-6.08853604111,13.5261126101
2001-06-30,13.9798800041,-48.7923929634,-6.36461884543,11.9743533486
2001-07-01,13.1711336773,-48.677525545,-4.53232243863,12.537536679
2001-07-02,13.6888168725,-48.4717374426,-3.60657808152,12.8385013376
2001-07-03,12.949096481,-48.7607867277,-3.52242695999,11.3792398591
2001-07-04,12.8967921389,-50.9408781464,-3.66310608194,12.035114772
2001-07-05,13.6270209229,-51.7882437346,-4.28153002067,12.0736359535
2001-07-06,15.012651311,-51.6107123843,-4.9974456505,10.8774229176
2001-07-07,16.1680661424,-50.5162226608,-4.92016784935,10.512887875
2001-07-08,15.2765275579,-51.6715263858,-4.34210175748,9.85888993618
2001-07-09,14.8990906386,-49.2471076688,-3.40203225227,9.18984900768
2001-07-10,13.6805866464,-49.707275799,-4.86261764955,9.66895751279
2001-07-11,13.3117439898,-49.3582099427,-4.08110767801,8.55957113528
2001-07-12,12.3134741166,-49.9162920918,-1.9120354614,10.0514886955
2001-07-13,11.4756065884,-49.1881347774,-2.14457602712,10.5519921919
2001-07-14,11.6492729968,-49.1986105348,-3.11182650547,9.83210990654
2001-07-15,11.4468983184,-50.1736011764,-2.55868296951,8.8007332175
2001-07-16,9.874490145,-50.138425482,-1.97433395471,10.5542468955
2001-07-17,10.1233784257,-49.7515321831,-2.91449834195,9.92154549814
2001-07-18,9.03484353435,-50.2344565814,-2.85317286133,10.8908698214
2001-07-19,10.3169391553,-50.8738068834,-2.06492929814,11.159522382
2001-07-20,11.4337920114,-49.3579416135,-2.09189404799,12.1996391866
2001-07-21,11.6719583906,-50.5570904652,-0.955305437817,10.9026469359
2001-07-22,12.8047776067,-50.5507852944,0.40981993885,8.48183663862
2001-07-23,12.8311655516,-52.198633039,1.42087312932,9.30426648558
2001-07-24,12.0759840924,-51.7907093247,0.679728085757,10.0349210289
2001-07-25,11.2915886481,-51.9085868655,1.0533043567,11.9201729268
2001-07-26,11.4726070326,-51.1353843184,-0.288374992514,11.4027496866
2001-07-27,12.709616421,-51.577869585,1.88948337046,10.9054717554
2001-07-28,12.2862354535,-51.3654636916,0.165297707974,11.1353275394
2001-07-29,13.1904203339,-50.0987408426,0.618990504909,10.9088946138
2001-07-30,12.8715891207,-49.7845960142,-0.967024086361,10.2651770341
2001-07-31,12.2016169031,-48.0717312235,-1.56379743311,8.40613293084
2001-08-01,13.595215429,-46.8030533396,0.0452459135274,8.06535882284
2001-08-02,13.1158804656,-44.9241610861,1.58694734839,8.75994962106
2001-08-03,13.1281535055,-44.6486832463,2.9266776716,8.03261745282
2001-08-04,13.8660752523,-44.1135487432,4.2334167703,8.62199483303
2001-08-05,14.1209484022,-45.8388069459,3.68719748835,7.43153653867
2001-08-06,14.5801736795,-45.2568810573,3.26137395636,7.20775886705
2001-08-07,15.2102871952,-43.0277068125,3.39980689144,7.92533433207
2001-08-08,14.2489125748,-41.824781376,4.43091578374,9.1993348148
2001-08-09,13.568372375,-42.6942708146,4.15306133486,7.6934372152
2001-08-10,14.5780860984,-42.3562976905,4.34958655294,8.78087066335
2001-08-11,14.7824391359,-41.6982628982,3.4880035403,8.26634589817
2001-08-12,14.2656076347,-42.1251523314,3.81389097942,9.12989722198
2001-08-13,14.7158898596,-41.6938256677,3.81565722653,6.21913058304
2001-08-14,12.919058338,-40.1148667756,3.94263642365,5.940926837
2001-08-15,12.7860304055,-41.0329985765,4.16275094874,6.10530303284
2001-08-16,12.8841053463,-40.0917008311,2.54232168756,5.59523546076
2001-08-17,14.8743367913,-37.9206442439,2.85133537323,4.16876151297
2001-08-18,14.1411785245,-37.9034583178,3.30661732934,5.80927437228
2001-08-19,14.5283638795,-37.4536021353,4.45921070988,8.30576278553
2001-08-20,15.2487137009,-36.4337257656,6.03373914837,7.35793640054
2001-08-21,13.7403173765,-37.1065754765,5.02273289912,7.5398045541
2001-08-22,14.5853086866,-36.0446978831,4.01201203013,6.48296323591
2001-08-23,14.709291946,-35.9348612521,3.41230004137,7.35449988726
2001-08-24,15.9463107638,-35.2485439697,4.57062315177,7.95079443432
2001-08-25,16.0677470107,-34.1952084994,5.69364216237,7.19926718398
2001-08-26,15.5545269103,-36.7498426241,5.73291751582,8.16884194136
2001-08-27,14.4167387253,-37.7661208725,3.38713510981,8.91633973044
2001-08-28,13.2385312871,-38.2105951348,3.4524590097,8.95594857158
2001-08-29,13.5800969847,-36.5837858777,4.17358183437,7.9802650568
2001-08-30,14.013336929,-36.5105010384,4.4597360296,7.08961707591
2001-08-31,13.6243780395,-36.0500226584,4.03552353894,7.75786129696
2001-09-01,13.6777644108,-35.8653510477,3.53650004172,5.85136306466
2001-09-02,12.1975187292,-34.9137653548,3.55125550944,7.86459541697
2001-09-03,11.851984185,-34.8975454572,2.29640601864,7.03556066781
2001-09-04,12.5236560984,-33.6127591184,3.95496182909,7.2755147133
2001-09-05,11.8824108657,-33.791307499,2.69880393131,7.02536505806
2001-09-06,9.58460575931,-33.1783776139,2.59685662175,7.95494805229
2001-09-07,8.18037923013,-32.451358141,3.07657659289,8.01277433947
2001-09-08,8.74776031271,-31.1638892889,4.32795674738,3.89960852962
2001-09-09,6.50184556367,-29.306694107,4.73664076073,4.25550084962
2001-09-10,6.71941010777,-28.9395786665,5.45242144462,2.59474589304
2001-09-11,8.15866339158,-31.388914762,6.06392832296,1.79048496436
2001-09-12,9.4296169964,-30.8550266259,6.87022875798,1.93886112836
2001-09-13,8.74230198871,-30.9734152798,6.88058689929,1.52474923073
2001-09-14,10.8684032823,-29.9237908644,9.0849722902,0.754283147074
2001-09-15,11.2001526976,-30.7610580858,9.98039904693,1.85604248744
2001-09-16,12.3771518285,-29.153957146,9.79326424501,0.554438352323
2001-09-17,12.4920265418,-29.1365925375,8.89958311035,0.681533654233
2001-09-18,14.7654204289,-31.1487814182,7.56043604745,0.896148613344
2001-09-19,15.2158499457,-31.4899770118,6.89128887071,0.60654859182
2001-09-20,13.9140368496,-32.3174767553,7.49068852779,1.48621409303
2001-09-21,13.5387841588,-33.1815682971,6.75657625634,1.61631545662
2001-09-22,13.2605704609,-31.9563663355,7.78767267782,1.32346220653
2001-09-23,12.9342698878,-32.4372397735,7.32719019015,2.58980611028
2001-09-24,11.6342159112,-32.4584654456,8.30213789694,3.17976737726
2001-09-25,10.633895464,-33.5403425041,9.404496684,2.95777177742
2001-09-26,10.6492419618,-33.7365168292,9.01885919807,2.70011109293
2001-09-27,10.7303962113,-31.4725078587,10.3608742488,2.20427683237
2001-09-28,11.4528009713,-31.2463464164,11.2873215004,2.67588655039
2001-09-29,10.4786913498,-31.4465237568,11.3565646196,1.89326617599
2001-09-30,9.19498966461,-33.0376610885,11.3154358508,0.635474390267
2001-10-01,7.85445177813,-32.0407319493,11.8506154686,0.14204331956
2001-10-02,7.64438567966,-32.34969363,12.4538716455,0.316647604932
2001-10-03,7.62521198166,-31.4447723886,13.3424823224,1.32373391228
2001-10-04,7.73712163278,-32.5070385195,13.6534525253,0.887872720864
2001-10-05,6.51751747285,-31.9729990484,14.462614627,2.00321493666
2001-10-06,7.04629993579,-33.3631134374,14.6393866911,3.87802062077
2001-10-07,6.11016458121,-34.1483918705,14.4103171129,3.18159192237
2001-10-08,7.77337809871,-32.4937352543,14.1073699215,3.43806119569
2001-10-09,8.86559972285,-32.9427840573,14.9105921134,4.40756676431
2001-10-10,9.95612287181,-34.6296364424,14.0319201161,4.46843016548
2001-10-11,11.5877340718,-34.8960325812,14.3788908942,3.34419959072
2001-10-12,13.1168465409,-34.530235426,12.9619637804,2.4161577194
2001-10-13,12.0659375428,-34.219644729,13.5567258136,2.69698616599
2001-10-14,11.5103942895,-33.4377574471,11.9043520871,1.04517358289
2001-10-15,11.595620645,-34.1761458535,12.4453939404,2.08552747928
2001-10-16,10.8070918068,-32.6424752662,11.5865937202,2.90835487967
2001-10-17,11.5660331997,-33.6254590687,11.3714488437,2.40164324188
2001-10-18,10.7314656408,-31.4203670053,10.3285294272,3.76642865918
2001-10-19,11.5299317263,-32.1231389202,10.3274576697,4.24634122932
2001-10-20,12.0184620082,-31.9952230397,10.3249624842,2.16334267384
2001-10-21,12.6575268251,-32.6305967311,9.15946080953,1.64476346249
2001-10-22,13.021675787,-31.7917270751,9.16135576716,1.79003138249
2001-10-23,13.4584198468,-31.0405118843,8.28418525342,1.17085220937
2001-10-24,14.0873172635,-31.6383302225,8.48610364392,-0.594786142834
2001-10-25,13.9077084706,-31.1433538566,9.30106245818,-0.412570574305
2001-10-26,14.0486859433,-31.9135981009,9.93576932802,-0.173342372363
2001-10-27,13.187027625,-31.0495331965,11.9207889707,0.64549378884
2001-10-28,13.2101455988,-29.7307818511,12.4083802598,1.80358855292
2001-10-29,13.3011851955,-31.3935211651,13.1244835196,1.4210905391
2001-10-30,12.483846954,-33.3721662865,12.7702407201,0.264808822776
2001-10-31,11.6661491043,-31.790106663,13.5919804392,0.517386228087
2001-11-01,11.9648503516,-30.9371269514,13.9788721429,-1.06548609975
2001-11-02,13.1144193939,-31.1384385767,13.1355705941,-0.412191079684
2001-11-03,14.4749923763,-31.5258786203,13.2571695053,0.997124599994
2001-11-04,14.7464853696,-31.0309525111,15.0017855328,-0.847147163425
2001-11-05,15.3795938761,-30.8516087722,15.044271091,-2.53620423286
2001-11-06,15.552013224,-31.9426771524,16.2480096099,-2.24524630851
2001-11-07,15.6652553402,-32.5032493992,13.9911130917,-3.04089671362
2001-11-08,16.3635779123,-30.8919961798,16.1589610514,-3.18360506952
2001-11-09,13.7708558437,-29.9045093808,15.6691198413,-1.2799161864
2001-11-10,13.8248823071,-30.8663208273,16.5322106168,0.238014793081
2001-11-11,13.1853107522,-31.6896105534,15.6440705606,-0.0521760444609
2001-11-12,12.2222933685,-30.5248983299,14.2728982792,0.102180540463
2001-11-13,11.3603957822,-29.4852355251,13.496393553,-0.587015549272
2001-11-14,12.4514041891,-28.031716856,13.4526930036,-1.07153006043
2001-11-15,12.881106458,-27.2738789181,12.4088669276,-0.0108421463835
2001-11-16,12.7374147825,-25.7409140277,11.9162444914,1.32919846364
2001-11-17,12.5500331576,-24.5855490335,12.4021663116,1.48383013262
2001-11-18,13.0260095436,-22.3071810391,12.0455610707,2.16141361622
2001-11-19,13.7464191848,-21.3542022697,11.6509384748,1.523822429
2001-11-20,13.3348757211,-23.3298004362,12.4310822759,3.85574381503
2001-11-21,12.4598137315,-22.9640210393,12.4316133173,2.42385075091
2001-11-22,13.5849399344,-22.721046007,10.7233532473,1.9838999718
2001-11-23,12.2514847812,-23.2591089044,11.5591737572,2.27566727593
2001-11-24,11.6695031763,-22.5907589596,13.0844207671,3.28480341764
2001-11-25,10.5106145332,-20.7955263454,13.7042365747,2.7972643034
2001-11-26,9.45944621183,-20.0621397848,12.2253692797,2.55961471322
2001-11-27,8.92824745354,-19.9123806597,11.8323124466,4.37271030987
2001-11-28,9.04174034279,-19.7457256157,10.138824056,4.42048805849
2001-11-29,8.13356417145,-19.4066215175,10.2584813875,4.08682390977
2001-11-30,5.5292917364,-20.049040023,10.4050317951,3.93416240499
2001-12-01,5.77750450042,-19.9199361355,12.7633079648,5.16073052403
2001-12-02,5.10935199079,-21.2994556752,12.8481978256,7.08370162106
2001-12-03,4.10282522776,-21.0768144054,13.3460058696,6.51305035218
2001-12-04,5.35317018119,-20.5172524401,12.7035318027,7.04620700924
2001-12-05,4.98349501784,-20.7825551034,10.4763157716,5.90537122625
2001-12-06,5.1304342325,-19.9827788021,10.3769684101,6.01107026958
2001-12-07,5.77069644472,-20.0960726044,10.2604417881,5.55246999979
2001-12-08,4.93742324134,-20.7664273872,10.3476564614,5.39952653336
2001-12-09,3.26079961925,-21.27313257,11.0916305105,5.49841091807
2001-12-10,3.26121766827,-23.2899376512,11.3484965466,5.81755336151
2001-12-11,3.1517834626,-23.4465059659,13.7611113032,5.74177465664
2001-12-12,2.89873627927,-23.7869452517,14.6069957211,6.24051994025
2001-12-13,3.78074953424,-24.3720659398,14.8109330588,8.09845064862
2001-12-14,4.36303365578,-22.9662645476,15.8836949799,6.0380234993
2001-12-15,4.00665915842,-23.1032127982,17.9467755485,5.86650646348
2001-12-16,2.92564018812,-21.7295585876,18.7634450227,5.34195644264
2001-12-17,2.59626125878,-23.1731428532,19.668972785,3.26061894543
2001-12-18,2.50834886084,-22.5685705161,21.488605856,5.50291053969
2001-12-19,3.58526488227,-23.0385974323,23.1599040995,7.14315034248
2001-12-20,3.68683982377,-22.842417431,22.4205148077,7.64551839677
2001-12-21,2.39442043338,-23.3220475227,22.9068337166,9.8329646374
2001-12-22,1.31135348277,-24.3552013429,23.4173528774,12.7700680159
2001-12-23,1.18803401359,-24.7729888897,24.151319006,12.7770507047
2001-12-24,1.12204816829,-23.6023136229,23.5527990152,11.7214590764
2001-12-25,1.40957118597,-22.0697135244,24.0515003505,11.9661989519
2001-12-26,1.41531961268,-22.4398892478,25.0350307719,13.2510743673
2001-12-27,1.50097957696,-20.4501653704,25.3842497163,13.2287948697
2001-12-28,1.44606618964,-20.6521120136,25.9479306125,13.3033069597
2001-12-29,1.89360097957,-21.8862564088,25.8648840756,11.8202285993
2001-12-30,2.0349448281,-23.5929791432,23.8654577209,9.84942216505
2001-12-31,2.44600528903,-24.2945851677,23.4562786655,9.53529522058
2002-01-01,2.17161354748,-21.6770667649,23.3499099286,9.6695559024
2002-01-02,1.61725209942,-22.6015017287,22.9120877875,9.74284163944
2002-01-03,-0.15082275035,-23.3689510298,23.0779921725,9.85188185505
2002-01-04,0.888223057079,-23.1917657375,24.8877666935,9.35909142354
2002-01-05,1.03390103654,-24.0073583186,25.4095756985,9.56713762026
2002-01-06,0.484727327805,-23.4327119554,25.6709158841,10.6321555655
2002-01-07,0.326405126901,-24.9056669146,23.8344992607,11.8355705681
2002-01-08,1.12420823414,-25.6896307695,23.7670111364,12.4809487918
2002-01-09,2.54555352989,-24.4313483219,25.0257370827,11.5604599114
2002-01-10,3.05301925525,-24.1571329959,25.1006203151,11.3646063161
2002-01-11,1.22073837843,-24.4593369717,24.6773714904,11.0077289164
2002-01-12,0.816037497833,-25.9096641554,24.8234810173,8.5933289654
2002-01-13,0.271453950731,-27.001313144,24.5314777167,7.97218544228
2002-01-14,0.172250010395,-25.8094249136,23.9235190851,6.13918683643
2002-01-15,1.94806030262,-23.8038256186,22.9871359245,6.65333252196
2002-01-16,3.13305565495,-23.875720965,22.9813609526,7.30735800517
2002-01-17,3.68079165189,-23.084793773,23.1623586744,7.19257524101
2002-01-18,3.79854998713,-23.4369459527,22.5725311763,7.84975329324
2002-01-19,3.57687104668,-22.5355621076,23.1572501262,8.04679396253
2002-01-20,4.83220793976,-21.9184771125,23.6124272627,6.77483761972
2002-01-21,5.84324402222,-21.7842449572,24.7704359169,6.72069848753
2002-01-22,5.57251001333,-20.3042058967,24.5105363412,7.15707196725
2002-01-23,5.71288361591,-20.8150224783,24.3339247029,6.74220475681
2002-01-24,6.08245051352,-19.7523292182,24.3295494367,8.09733800449
2002-01-25,4.71725966826,-19.850732772,25.2458265823,7.98397458138
2002-01-26,5.33693649934,-20.9562013936,24.7193436204,8.66743851689
2002-01-27,5.32604506679,-20.899925348,24.3748909292,10.1575768857
2002-01-28,3.89562079658,-21.4465790895,23.7078638234,8.84792088896
2002-01-29,2.8136145947,-19.640039204,22.7538019501,7.06002327126
2002-01-30,2.27298170664,-19.6133693981,23.3511965893,7.47949804807
2002-01-31,3.32052435526,-20.3767125383,24.1128475598,6.95254884513
2002-02-01,5.10058151966,-19.4831449861,22.3648414775,6.69792327632
2002-02-02,6.20395956022,-20.9769810946,22.6038297105,8.77179130379
2002-02-03,6.8472101046,-20.4659787146,21.0015468346,8.42473942269
2002-02-04,7.29241032985,-20.8568115568,20.9394748082,6.43199054943
2002-02-05,7.47458711464,-23.4242679818,21.014903045,6.99551239373
2002-02-06,7.81137083043,-24.9463644066,21.6922868458,5.69885009811
2002-02-07,7.09824464249,-25.0078903419,22.6838146473,5.15785589959
2002-02-08,7.35467972041,-25.8201527585,21.9296105634,4.83418042167
2002-02-09,7.55541163331,-26.7726983003,21.2496414785,4.5043644098
2002-02-10,6.74837920266,-26.5899636889,22.9399070852,3.67747089584
2002-02-11,7.67205656195,-29.1849221584,22.0979702405,6.3763089846
2002-02-12,7.23447629884,-28.4308133928,23.1272495392,6.90332108521
2002-02-13,6.78437355185,-28.75051092,23.1411540907,5.79457259279
2002-02-14,6.61075899612,-27.6371296637,24.2109375847,4.82752163981
2002-02-15,7.28317660646,-29.3489206544,24.8735356204,3.7114651472
2002-02-16,9.14694142567,-29.8939002505,24.8611407549,3.56095911116
2002-02-17,6.42487031881,-32.2820997747,24.4718571635,4.45688658184
2002-02-18,5.24773880163,-31.0829830187,26.1081665808,3.88641404097
2002-02-19,6.68117496823,-31.4694804121,26.1403502549,3.09901497843
2002-02-20,6.33406333255,-30.8532489033,26.1799681608,1.67967065558
2002-02-21,6.87676835293,-31.3590102155,26.3095984863,2.87734502076
2002-02-22,5.63929077441,-32.1670575993,26.5015789484,2.08452788798
2002-02-23,4.07815641902,-32.106257256,27.5387836566,3.66797278513
2002-02-24,5.03840747286,-33.7761613097,27.1945005103,5.62151477842
2002-02-25,6.42807199433,-34.2687165176,26.8288259519,3.07671732084
2002-02-26,6.48752581897,-33.9390966702,27.0522420011,1.81745863117
2002-02-27,7.69416917846,-33.4593670999,26.8509805877,2.35163123834
2002-02-28,7.42011537619,-33.200678907,29.0385288981,2.71129225375
2002-03-01,7.91004416333,-33.0762970384,27.5295940739,2.80060257045
2002-03-02,7.99695385056,-34.4389210863,26.4493002744,1.36788210182
2002-03-03,9.45584189458,-34.8289753517,27.4301248047,2.65014914477
2002-03-04,8.95108006817,-35.0794204967,26.0102125194,1.8741512796
2002-03-05,7.70846821151,-35.2893817298,26.6876873419,3.15645510501
2002-03-06,8.33707523225,-34.9228477598,26.5295108482,3.6929154223
2002-03-07,9.22878151111,-34.1479740633,27.26747493,4.20372327836
2002-03-08,8.580967194,-33.9172239064,27.2642431274,4.50685207091
2002-03-09,8.42975721091,-34.3905613679,25.7805380199,4.43546368213
2002-03-10,10.0360879032,-32.1788649191,24.7121954723,3.37094773212
2002-03-11,7.38029782124,-31.8883312069,23.7270862134,4.18949133912
2002-03-12,8.14765925185,-31.2374210935,25.4797256525,2.64817797483
2002-03-13,5.85878069482,-30.6845927447,25.739609278,1.69261061147
2002-03-14,3.93492373994,-32.7870029564,26.8074570964,1.02946327883
2002-03-15,4.77946586741,-32.2034864309,27.8271603043,1.45787193491
2002-03-16,5.45053201332,-31.8221927413,27.0801081439,0.996517152404
2002-03-17,6.18278743246,-30.3723030386,25.9327669884,0.421356307293
2002-03-18,6.36518340045,-32.5296777356,26.5015654326,1.16058750217
2002-03-19,5.87521826004,-31.4391591236,27.0474270235,0.448029425676
2002-03-20,5.68347642755,-31.0388244773,26.0592130344,1.17270297193
2002-03-21,7.41592938167,-29.6470525647,25.2657587331,-1.13589178846
2002-03-22,6.70832034873,-28.8359943369,23.951439964,-1.69779432957
2002-03-23,5.84508844361,-28.2343361975,24.9035818899,-2.38529590888
2002-03-24,4.93444045611,-28.601260382,25.5770700076,-2.7616380978
2002-03-25,3.3025888529,-29.6425876252,26.8725911306,-1.96622511858
2002-03-26,2.53270706152,-28.0970673452,27.0848379402,-1.82110228564
2002-03-27,1.89002078639,-27.4037513447,26.3530622574,-1.49851092389
2002-03-28,2.95274520343,-27.2860354684,25.2283629069,-1.44269443815
2002-03-29,3.5297583993,-27.4110295563,24.3920668774,-0.964130730636
2002-03-30,3.52195930786,-28.9437612241,24.2156812014,-1.92871233948
2002-03-31,3.84256574154,-29.471026898,23.9411606037,-1.61214498962
2002-04-01,3.06829805346,-29.1390643456,24.8827441066,-2.80464353143
2002-04-02,2.7804499872,-30.4197069624,24.2160867284,-0.86150331419
2002-04-03,3.05522015407,-31.5612435007,23.9357569366,-1.83677212802
2002-04-04,2.83535567306,-30.384638099,23.5288987027,-0.763363851603
2002-04-05,2.50525391862,-28.6323748938,24.6762758818,0.981879370841
2002-04-06,1.74867919496,-28.5525273538,24.4921749182,0.0643240100206
2002-04-07,0.616088945579,-28.6896448847,24.6798646673,1.50726501343
2002-04-08,1.70320434723,-28.8863558915,24.023541021,2.19616208005
2002-04-09,2.4210514225,-29.4768659986,22.6549881775,1.96470063556
2002-04-10,2.7423297247,-30.4897805958,24.2399955873,2.82128922095
2002-04-11,1.86377460894,-30.2567741546,22.3392930527,3.11823897595
2002-04-12,2.52584183712,-30.4050730854,20.2412921705,4.16855820039
2002-04-13,2.4421785396,-29.520258902,20.4916765547,4.91467324131
2002-04-14,1.77982592833,-29.0483940825,20.7506210279,6.91493769492
2002-04-15,0.0467383137783,-30.3317416638,21.0705838572,6.60815716579
2002-04-16,0.737589280694,-30.8271956502,22.2704242835,4.68557278564
2002-04-17,1.49583398334,-31.3649951834,20.8953017867,6.54585170161
2002-04-18,0.871007073375,-30.6912651481,20.3936216067,8.16485350079
2002-04-19,0.710829835203,-29.990665195,20.0842085855,7.65371484936
2002-04-20,-0.418432141147,-29.5771048489,19.8949570216,7.47110366077
2002-04-21,0.118657605707,-30.2489890802,19.3759939755,6.99919029222
2002-04-22,-0.483249634922,-31.3736479065,17.3777018551,7.37633616012
2002-04-23,-0.591711910307,-31.2856657834,16.2170531042,7.22627516377
2002-04-24,-3.35223037547,-31.5370787717,16.3296558587,6.65106515239
2002-04-25,-2.58775520192,-31.5764144154,15.0690420263,9.00017259071
2002-04-26,-4.31083889176,-31.2944896382,16.202669576,7.31574535574
2002-04-27,-4.41351634277,-33.6592058583,16.4512889453,5.82197895204
2002-04-28,-4.3034874753,-33.0448159313,14.3584712347,6.83244139237
2002-04-29,-4.9351032225,-33.2451579873,14.7870042097,7.72708749577
2002-04-30,-6.27795953538,-34.2746487694,15.4841838579,6.93375013091
2002-05-01,-6.19257519514,-34.5395091387,15.1101974427,4.89963985845
2002-05-02,-5.91670836893,-33.3298213949,15.7493483435,5.29502576279
2002-05-03,-6.20274670695,-35.0272444302,13.9924921421,5.1342197592
2002-05-04,-5.83482753092,-36.9866408597,14.7892001012,3.17125817202
2002-05-05,-5.64228650899,-37.5999353431,14.7616646114,2.68631732311
2002-05-06,-4.20315456253,-38.8659834629,13.6848295308,3.66310940394
2002-05-07,-3.1561665974,-39.6394463674,14.1160907378,3.46374069204
2002-05-08,-2.08844505545,-39.3686504646,14.8422635602,4.35551220763
2002-05-09,-3.54817600348,-39.5197162162,15.866121529,5.50242512098
2002-05-10,-3.28975520448,-39.2525080915,14.3673463099,6.15066928812
2002-05-11,-2.78438053199,-39.1823778576,13.7945057821,5.71883492888
2002-05-12,-2.47128650633,-41.1519254382,12.3372728416,5.34965569516
2002-05-13,-3.53101411424,-40.9170845166,11.4566809579,6.2075578864
2002-05-14,-3.58549317569,-40.6641977307,11.8125164615,7.11665231781
2002-05-15,-3.62739950165,-39.385656436,10.50740296,5.9983876788
2002-05-16,-4.33518119362,-41.3369714681,10.9570111156,5.91127959257
2002-05-17,-5.22199390725,-40.7376298362,10.5525251842,6.88632478855
2002-05-18,-5.52845782829,-41.1954748567,13.2497466164,6.38244870785
2002-05-19,-5.65144664091,-40.813168301,12.6358403037,7.02080100721
2002-05-20,-6.72507818408,-40.9790902952,13.6840364138,7.51786124464
2002-05-21,-5.82373458946,-40.3655284427,14.0801583631,8.23593832088
2002-05-22,-6.46046268059,-38.8177945729,13.2656595414,6.77443552606
2002-05-23,-5.73486293868,-38.7217076386,12.5338637406,6.90471583022
2002-05-24,-5.63660970353,-38.9963787052,11.5085118716,5.55971485695
2002-05-25,-5.756772183,-40.0188053474,10.7985833558,4.28340838308
2002-05-26,-4.52943128817,-38.7961985941,10.8619781458,2.67141395632
2002-05-27,-5.93422354207,-37.6734185031,10.0522203941,1.60384464059
2002-05-28,-5.39937310125,-35.68787077,10.8196745153,0.723083685173
2002-05-29,-5.47850895655,-37.3790141969,9.99086703798,2.9297323654
2002-05-30,-5.34951695913,-35.7877610335,9.2929742116,4.04232300918
2002-05-31,-4.9799686513,-37.05039128,8.71297800028,3.44422462343
2002-06-01,-4.99009432779,-36.5719887707,9.3749720398,3.03471908882
2002-06-02,-6.28116076501,-35.3839015791,10.6776727671,2.20031715418
2002-06-03,-5.108235171,-35.2081940688,8.98424454037,2.35137018298
2002-06-04,-4.77524511028,-37.1857465079,8.36347137673,3.35209669369
2002-06-05,-4.29996090555,-36.9845032824,8.74767090943,2.73268613506
2002-06-06,-5.93532787749,-36.2126787259,8.73869865373,3.30153589913
2002-06-07,-6.5871900617,-37.1564012408,9.57552062376,2.74187426153
2002-06-08,-4.80066505082,-37.2338649134,9.46987760315,2.152022123
2002-06-09,-4.01556356243,-37.1716371293,7.35066528778,3.73410303186
2002-06-10,-4.54539480233,-38.2508759233,7.70473324016,2.88209253483
2002-06-11,-4.41755193965,-38.6819239771,8.06641965034,3.53959262362
2002-06-12,-6.21311039453,-39.3058099731,7.01677100094,3.14093834688
2002-06-13,-7.57929026637,-38.4812825407,6.67104775996,3.50505145722
2002-06-14,-7.6889439724,-38.742828322,7.87072145794,2.72919031983
2002-06-15,-8.51157671766,-38.7290157897,6.49519466456,4.40506083904
2002-06-16,-7.43626446682,-38.4933729465,7.8048500087,3.67363411317
2002-06-17,-7.46125059228,-38.1456280107,7.04499892864,5.11346358121
2002-06-18,-8.54255874229,-37.4208928076,7.40305026059,5.23551636204
2002-06-19,-7.98925384419,-36.1708806687,7.64357653549,4.9092476875
2002-06-20,-10.4716562083,-35.9701103598,8.10918708535,5.84802194729
2002-06-21,-10.3038982959,-36.4897350354,9.92856185424,4.25478628982
2002-06-22,-10.6471847488,-35.8951318989,10.4676614384,2.78463158883
2002-06-23,-10.6952243463,-36.0522598964,9.91935266046,2.42678845457
2002-06-24,-9.3685035573,-34.0588696921,8.28684466785,2.51798674555
2002-06-25,-10.177720233,-32.7934761998,7.53260760848,3.81488216315
2002-06-26,-11.2565955778,-33.342321583,6.48761750562,2.96119593678
2002-06-27,-10.6359663278,-32.8415517612,8.51401911878,4.53431707044
2002-06-28,-11.8988552596,-32.0715998185,6.78407279498,3.72082783119
2002-06-29,-11.49305553,-32.6466312854,7.00832631028,2.77249934616
2002-06-30,-10.8279342695,-33.5510247168,8.6867617896,0.20536636555
2002-07-01,-11.8926615799,-32.5613314521,8.00713609514,0.999082265665
2002-07-02,-10.8256252212,-32.4736667464,6.78428973964,-0.256802873639
2002-07-03,-10.0052599054,-33.3660468838,7.7929186687,0.540245500522
2002-07-04,-9.4735195229,-32.767597638,6.92113532612,2.19716162448
2002-07-05,-8.91941729314,-32.6748237254,7.80263071952,1.97734089945
2002-07-06,-9.44650442413,-32.0724720015,8.73871637582,3.94467062447
2002-07-07,-10.6107371735,-33.5422810694,9.34908017134,4.70800332431
2002-07-08,-10.4581594962,-31.8048460117,7.94916865947,5.52106689287
2002-07-09,-11.2210009173,-32.036004774,6.53364618363,3.50812949591
2002-07-10,-10.3568456676,-33.3530752425,5.35842605422,3.36619735597
2002-07-11,-8.63020245047,-33.1767988408,5.36192340964,3.98574699259
2002-07-12,-7.29659815344,-32.565723235,4.31571651668,3.23332992886
2002-07-13,-7.7569644778,-33.616751963,5.51118181539,2.29060830526
2002-07-14,-8.83876839424,-34.5207584544,5.85894947901,2.66371557528
2002-07-15,-8.17917146406,-34.1152831065,5.94985648175,3.34949744598
2002-07-16,-8.64736488134,-34.7694838884,6.12490246186,2.82866048338
2002-07-17,-8.44209157705,-32.8561039268,7.45854312615,2.3126204158
2002-07-18,-8.85333503539,-32.713726085,6.91679972716,1.59997762804
2002-07-19,-8.82008234009,-32.3731498334,5.63170585073,2.71517727775
2002-07-20,-8.35733434224,-32.2823683881,7.71903094375,2.05773061069
2002-07-21,-7.33418314497,-31.7624343611,8.33049463577,2.66045845716
2002-07-22,-7.91031113067,-31.5118157508,6.49348829987,4.04173345421
2002-07-23,-7.0227988015,-32.5276455136,5.90025943835,3.94476985352
2002-07-24,-8.81063269152,-32.3889727266,6.88885947946,1.65131527848
2002-07-25,-8.84876367018,-31.5475726346,7.95245362435,-0.329999111327
2002-07-26,-8.99940933509,-33.6621447371,7.15225153557,0.0686310478117
2002-07-27,-9.06490500362,-34.6556109869,7.02181223998,-0.491483390432
2002-07-28,-8.84477625717,-33.7586417275,4.42889282313,-0.218481698906
2002-07-29,-7.93694279569,-35.1667798031,4.59569130179,-0.143395104887
2002-07-30,-6.69434959146,-35.1113923693,4.52767926128,-0.431393798781
2002-07-31,-6.66861086297,-36.398157485,3.38003152607,-0.626658935654
2002-08-01,-5.87080731664,-35.1978154653,5.11182196654,-0.757557483511
2002-08-02,-7.38048258585,-36.0973130476,4.81048440364,-2.24751055103
2002-08-03,-7.26893343045,-36.6366799962,4.87596281478,-1.93148772784
2002-08-04,-7.41079807695,-38.0210337721,5.23187244536,-1.6512770431
2002-08-05,-8.31989105991,-38.0626280953,5.95833109711,-0.582303201249
2002-08-06,-6.52886137748,-37.3984337229,6.77009687025,-0.794928563827
2002-08-07,-7.5278668921,-37.4939840334,5.49453826116,-1.5642064495
2002-08-08,-7.86735508101,-35.4310200367,4.05401618215,-1.54624962523
2002-08-09,-8.75432273497,-34.8879055537,3.80965617699,-1.3331724749
2002-08-10,-10.4911268503,-34.9179322303,3.33889784623,-0.829811566534
2002-08-11,-9.30079928565,-33.7378820633,2.49339547243,-0.586373053028
2002-08-12,-8.46435250778,-33.5627346109,2.90214413156,-0.157798893409
2002-08-13,-8.35670499253,-33.0105480768,3.74075769904,-0.376871222508
2002-08-14,-9.31033649931,-33.880997886,4.77050923604,1.29485771929
2002-08-15,-7.57072357403,-34.5757500525,4.00435879054,1.26193377428
2002-08-16,-8.01989687413,-34.1825249588,5.30651705429,2.18876148201
2002-08-17,-7.6246271157,-32.4835779308,6.56047184812,2.56598084617
2002-08-18,-8.52262710877,-31.4168713397,4.76012070029,-0.59910456494
2002-08-19,-9.50865509881,-32.145186742,4.68608121653,-0.745870802282
2002-08-20,-9.12455514194,-32.8042286706,4.84158954879,-0.386255559563
2002-08-21,-8.7007668392,-33.1021001965,5.95830059784,-2.75967436322
2002-08-22,-7.37318756195,-32.7811390683,6.73409111263,-3.42996102472
2002-08-23,-7.24601017756,-32.4017502943,7.62542032138,-3.81914519844
2002-08-24,-7.94153849099,-31.0257554783,5.92945507392,-2.61670211495
2002-08-25,-7.18842584288,-30.4145692771,6.69279956967,-3.27825652102
2002-08-26,-9.04829879942,-31.0003530993,5.66974077109,-1.73991917276
2002-08-27,-8.60261953104,-30.8580859178,4.90296874593,-0.746453638179
2002-08-28,-6.9024201219,-30.0570066566,4.18282928246,-0.350910720708
2002-08-29,-5.65425828515,-30.3185811073,2.96666713108,-0.498224713955
2002-08-30,-6.74905487082,-30.3576963935,2.06869785143,-0.634385168604
2002-08-31,-7.70068179337,-29.5457475089,1.46227680608,-0.181967653358
2002-09-01,-5.99316793312,-30.2119704703,-0.790905564903,-0.158613688987
2002-09-02,-5.66071821121,-30.6197074044,-2.04033743093,0.933664109864
2002-09-03,-6.66703062683,-30.390760789,-3.23366021788,0.3999709111
2002-09-04,-6.27486347136,-29.6538545751,-3.88407554899,-0.69579709907
2002-09-05,-6.07725949807,-27.9257671323,-4.55069356257,-1.48852373368
2002-09-06,-5.17159030343,-24.3241176491,-4.72590436895,-1.28065319608
2002-09-07,-6.75084173404,-23.9384371074,-6.34039762132,-0.14752749042
2002-09-08,-7.06231211269,-23.3214442794,-4.30862067299,0.0776251332145
2002-09-09,-6.57496848613,-21.3022500112,-4.26600318112,0.918276742255
2002-09-10,-5.75783801183,-20.4298187093,-4.78529881212,1.03796256066
2002-09-11,-7.41727599396,-20.6805045471,-4.93069649311,1.25550949247
2002-09-12,-6.49028463371,-21.7619910105,-5.25460087298,1.21308962103
2002-09-13,-9.11660436633,-20.4450043567,-3.93266411903,1.60203472339
2002-09-14,-9.83360722247,-20.567132114,-5.38184469474,1.95401630936
2002-09-15,-9.17308560304,-19.7894710624,-6.82085071823,1.72360813164
2002-09-16,-7.55865790989,-21.1408394638,-7.36142127172,1.15586106518
2002-09-17,-6.24400924382,-20.1903397605,-8.28273366106,0.440477745078
2002-09-18,-4.41059616809,-20.0727719194,-8.09822155769,0.623603123353
2002-09-19,-3.75358453916,-18.8465085876,-9.72959758021,0.729538077397
2002-09-20,-2.73874706563,-19.5782978059,-9.9330776107,-2.19312435969
2002-09-21,-2.33373659332,-19.0673892282,-10.2567895312,-0.83479567292
2002-09-22,-2.38442569252,-18.3507300311,-10.5465694649,-2.10584748236
2002-09-23,-2.69460783669,-19.2080007624,-10.4157606365,-1.71045757193
2002-09-24,-1.90437982662,-19.2098719322,-11.7106090931,-2.40382526681
2002-09-25,-1.56681227767,-20.2513983685,-13.0076104623,-1.55871637843
2002-09-26,-1.33732347668,-20.5558658087,-12.5358496232,-1.83965832252
